<?xml version="1.0"?>
<!--<!DOCTYPE metadata SYSTEM "http://www.esri.com/metadata/esriprof80.dtd">-->
<metadata xml:lang="en"><Esri><CreaDate>20120123</CreaDate><CreaTime>19440600</CreaTime><SyncOnce>FALSE</SyncOnce><DataProperties><lineage><Process ToolSource="C:\Program Files\ArcGIS\ArcToolbox\Toolboxes\Data Management Tools.tbx\DefineProjection" Date="20081007" Time="101819">DefineProjection NAT_Layer GEOGCS['GCS_WGS_1984',DATUM['D_WGS_1984',SPHEROID['WGS_1984',6378137.0,298.257223563]],PRIMEM['Greenwich',0.0],UNIT['Degree',0.0174532925199433]] NAT_Layer</Process><Process ToolSource="C:\Program Files\ArcGIS\ArcToolbox\Toolboxes\Conversion Tools.tbx\FeatureClassToFeatureClass" Date="20081201" Time="133519">FeatureClassToFeatureClass "C:\Documents and Settings\mgimond\My Documents\geoda\GeoDa.gdb\Projected\NAT_proj" P:\spatial_regression\wiki_page\Data NAT.shp # "NAME 'NAME' true true false 32 Text 0 0 ,First,#,C:\Documents and Settings\mgimond\My Documents\geoda\GeoDa.gdb\Projected\NAT_proj,NAME,-1,-1;STATE_NAME 'STATE_NAME' true true false 25 Text 0 0 ,First,#,C:\Documents and Settings\mgimond\My Documents\geoda\GeoDa.gdb\Projected\NAT_proj,STATE_NAME,-1,-1;STATE_FIPS 'STATE_FIPS' true true false 2 Text 0 0 ,First,#,C:\Documents and Settings\mgimond\My Documents\geoda\GeoDa.gdb\Projected\NAT_proj,STATE_FIPS,-1,-1;CNTY_FIPS 'CNTY_FIPS' true true false 3 Text 0 0 ,First,#,C:\Documents and Settings\mgimond\My Documents\geoda\GeoDa.gdb\Projected\NAT_proj,CNTY_FIPS,-1,-1;FIPS 'FIPS' true true false 5 Text 0 0 ,First,#,C:\Documents and Settings\mgimond\My Documents\geoda\GeoDa.gdb\Projected\NAT_proj,FIPS,-1,-1;STFIPS 'STFIPS' true true false 8 Double 0 0 ,First,#,C:\Documents and Settings\mgimond\My Documents\geoda\GeoDa.gdb\Projected\NAT_proj,STFIPS,-1,-1;COFIPS 'COFIPS' true true false 8 Double 0 0 ,First,#,C:\Documents and Settings\mgimond\My Documents\geoda\GeoDa.gdb\Projected\NAT_proj,COFIPS,-1,-1;FIPSNO 'FIPSNO' true true false 8 Double 0 0 ,First,#,C:\Documents and Settings\mgimond\My Documents\geoda\GeoDa.gdb\Projected\NAT_proj,FIPSNO,-1,-1;SOUTH 'SOUTH' true true false 2 Short 0 0 ,First,#,C:\Documents and Settings\mgimond\My Documents\geoda\GeoDa.gdb\Projected\NAT_proj,SOUTH,-1,-1;HR60 'HR60' true true false 8 Double 0 0 ,First,#,C:\Documents and Settings\mgimond\My Documents\geoda\GeoDa.gdb\Projected\NAT_proj,HR60,-1,-1;HR70 'HR70' true true false 8 Double 0 0 ,First,#,C:\Documents and Settings\mgimond\My Documents\geoda\GeoDa.gdb\Projected\NAT_proj,HR70,-1,-1;HR80 'HR80' true true false 8 Double 0 0 ,First,#,C:\Documents and Settings\mgimond\My Documents\geoda\GeoDa.gdb\Projected\NAT_proj,HR80,-1,-1;HR90 'HR90' true true false 8 Double 0 0 ,First,#,C:\Documents and Settings\mgimond\My Documents\geoda\GeoDa.gdb\Projected\NAT_proj,HR90,-1,-1;HC60 'HC60' true true false 8 Double 0 0 ,First,#,C:\Documents and Settings\mgimond\My Documents\geoda\GeoDa.gdb\Projected\NAT_proj,HC60,-1,-1;HC70 'HC70' true true false 8 Double 0 0 ,First,#,C:\Documents and Settings\mgimond\My Documents\geoda\GeoDa.gdb\Projected\NAT_proj,HC70,-1,-1;HC80 'HC80' true true false 8 Double 0 0 ,First,#,C:\Documents and Settings\mgimond\My Documents\geoda\GeoDa.gdb\Projected\NAT_proj,HC80,-1,-1;HC90 'HC90' true true false 8 Double 0 0 ,First,#,C:\Documents and Settings\mgimond\My Documents\geoda\GeoDa.gdb\Projected\NAT_proj,HC90,-1,-1;PO60 'PO60' true true false 4 Long 0 0 ,First,#,C:\Documents and Settings\mgimond\My Documents\geoda\GeoDa.gdb\Projected\NAT_proj,PO60,-1,-1;PO70 'PO70' true true false 4 Long 0 0 ,First,#,C:\Documents and Settings\mgimond\My Documents\geoda\GeoDa.gdb\Projected\NAT_proj,PO70,-1,-1;PO80 'PO80' true true false 4 Long 0 0 ,First,#,C:\Documents and Settings\mgimond\My Documents\geoda\GeoDa.gdb\Projected\NAT_proj,PO80,-1,-1;PO90 'PO90' true true false 4 Long 0 0 ,First,#,C:\Documents and Settings\mgimond\My Documents\geoda\GeoDa.gdb\Projected\NAT_proj,PO90,-1,-1;RD60 'RD60' true true false 8 Double 0 0 ,First,#,C:\Documents and Settings\mgimond\My Documents\geoda\GeoDa.gdb\Projected\NAT_proj,RD60,-1,-1;RD70 'RD70' true true false 8 Double 0 0 ,First,#,C:\Documents and Settings\mgimond\My Documents\geoda\GeoDa.gdb\Projected\NAT_proj,RD70,-1,-1;RD80 'RD80' true true false 8 Double 0 0 ,First,#,C:\Documents and Settings\mgimond\My Documents\geoda\GeoDa.gdb\Projected\NAT_proj,RD80,-1,-1;RD90 'RD90' true true false 8 Double 0 0 ,First,#,C:\Documents and Settings\mgimond\My Documents\geoda\GeoDa.gdb\Projected\NAT_proj,RD90,-1,-1;PS60 'PS60' true true false 8 Double 0 0 ,First,#,C:\Documents and Settings\mgimond\My Documents\geoda\GeoDa.gdb\Projected\NAT_proj,PS60,-1,-1;PS70 'PS70' true true false 8 Double 0 0 ,First,#,C:\Documents and Settings\mgimond\My Documents\geoda\GeoDa.gdb\Projected\NAT_proj,PS70,-1,-1;PS80 'PS80' true true false 8 Double 0 0 ,First,#,C:\Documents and Settings\mgimond\My Documents\geoda\GeoDa.gdb\Projected\NAT_proj,PS80,-1,-1;PS90 'PS90' true true false 8 Double 0 0 ,First,#,C:\Documents and Settings\mgimond\My Documents\geoda\GeoDa.gdb\Projected\NAT_proj,PS90,-1,-1;UE60 'UE60' true true false 8 Double 0 0 ,First,#,C:\Documents and Settings\mgimond\My Documents\geoda\GeoDa.gdb\Projected\NAT_proj,UE60,-1,-1;UE70 'UE70' true true false 8 Double 0 0 ,First,#,C:\Documents and Settings\mgimond\My Documents\geoda\GeoDa.gdb\Projected\NAT_proj,UE70,-1,-1;UE80 'UE80' true true false 8 Double 0 0 ,First,#,C:\Documents and Settings\mgimond\My Documents\geoda\GeoDa.gdb\Projected\NAT_proj,UE80,-1,-1;UE90 'UE90' true true false 8 Double 0 0 ,First,#,C:\Documents and Settings\mgimond\My Documents\geoda\GeoDa.gdb\Projected\NAT_proj,UE90,-1,-1;DV60 'DV60' true true false 8 Double 0 0 ,First,#,C:\Documents and Settings\mgimond\My Documents\geoda\GeoDa.gdb\Projected\NAT_proj,DV60,-1,-1;DV70 'DV70' true true false 8 Double 0 0 ,First,#,C:\Documents and Settings\mgimond\My Documents\geoda\GeoDa.gdb\Projected\NAT_proj,DV70,-1,-1;DV80 'DV80' true true false 8 Double 0 0 ,First,#,C:\Documents and Settings\mgimond\My Documents\geoda\GeoDa.gdb\Projected\NAT_proj,DV80,-1,-1;DV90 'DV90' true true false 8 Double 0 0 ,First,#,C:\Documents and Settings\mgimond\My Documents\geoda\GeoDa.gdb\Projected\NAT_proj,DV90,-1,-1;MA60 'MA60' true true false 4 Float 0 0 ,First,#,C:\Documents and Settings\mgimond\My Documents\geoda\GeoDa.gdb\Projected\NAT_proj,MA60,-1,-1;MA70 'MA70' true true false 8 Double 0 0 ,First,#,C:\Documents and Settings\mgimond\My Documents\geoda\GeoDa.gdb\Projected\NAT_proj,MA70,-1,-1;MA80 'MA80' true true false 8 Double 0 0 ,First,#,C:\Documents and Settings\mgimond\My Documents\geoda\GeoDa.gdb\Projected\NAT_proj,MA80,-1,-1;MA90 'MA90' true true false 8 Double 0 0 ,First,#,C:\Documents and Settings\mgimond\My Documents\geoda\GeoDa.gdb\Projected\NAT_proj,MA90,-1,-1;POL60 'POL60' true true false 8 Double 0 0 ,First,#,C:\Documents and Settings\mgimond\My Documents\geoda\GeoDa.gdb\Projected\NAT_proj,POL60,-1,-1;POL70 'POL70' true true false 8 Double 0 0 ,First,#,C:\Documents and Settings\mgimond\My Documents\geoda\GeoDa.gdb\Projected\NAT_proj,POL70,-1,-1;POL80 'POL80' true true false 8 Double 0 0 ,First,#,C:\Documents and Settings\mgimond\My Documents\geoda\GeoDa.gdb\Projected\NAT_proj,POL80,-1,-1;POL90 'POL90' true true false 8 Double 0 0 ,First,#,C:\Documents and Settings\mgimond\My Documents\geoda\GeoDa.gdb\Projected\NAT_proj,POL90,-1,-1;DNL60 'DNL60' true true false 8 Double 0 0 ,First,#,C:\Documents and Settings\mgimond\My Documents\geoda\GeoDa.gdb\Projected\NAT_proj,DNL60,-1,-1;DNL70 'DNL70' true true false 8 Double 0 0 ,First,#,C:\Documents and Settings\mgimond\My Documents\geoda\GeoDa.gdb\Projected\NAT_proj,DNL70,-1,-1;DNL80 'DNL80' true true false 8 Double 0 0 ,First,#,C:\Documents and Settings\mgimond\My Documents\geoda\GeoDa.gdb\Projected\NAT_proj,DNL80,-1,-1;DNL90 'DNL90' true true false 8 Double 0 0 ,First,#,C:\Documents and Settings\mgimond\My Documents\geoda\GeoDa.gdb\Projected\NAT_proj,DNL90,-1,-1;MFIL59 'MFIL59' true true false 8 Double 0 0 ,First,#,C:\Documents and Settings\mgimond\My Documents\geoda\GeoDa.gdb\Projected\NAT_proj,MFIL59,-1,-1;MFIL69 'MFIL69' true true false 8 Double 0 0 ,First,#,C:\Documents and Settings\mgimond\My Documents\geoda\GeoDa.gdb\Projected\NAT_proj,MFIL69,-1,-1;MFIL79 'MFIL79' true true false 8 Double 0 0 ,First,#,C:\Documents and Settings\mgimond\My Documents\geoda\GeoDa.gdb\Projected\NAT_proj,MFIL79,-1,-1;MFIL89 'MFIL89' true true false 8 Double 0 0 ,First,#,C:\Documents and Settings\mgimond\My Documents\geoda\GeoDa.gdb\Projected\NAT_proj,MFIL89,-1,-1;FP59 'FP59' true true false 8 Double 0 0 ,First,#,C:\Documents and Settings\mgimond\My Documents\geoda\GeoDa.gdb\Projected\NAT_proj,FP59,-1,-1;FP69 'FP69' true true false 8 Double 0 0 ,First,#,C:\Documents and Settings\mgimond\My Documents\geoda\GeoDa.gdb\Projected\NAT_proj,FP69,-1,-1;FP79 'FP79' true true false 8 Double 0 0 ,First,#,C:\Documents and Settings\mgimond\My Documents\geoda\GeoDa.gdb\Projected\NAT_proj,FP79,-1,-1;FP89 'FP89' true true false 8 Double 0 0 ,First,#,C:\Documents and Settings\mgimond\My Documents\geoda\GeoDa.gdb\Projected\NAT_proj,FP89,-1,-1;BLK60 'BLK60' true true false 8 Double 0 0 ,First,#,C:\Documents and Settings\mgimond\My Documents\geoda\GeoDa.gdb\Projected\NAT_proj,BLK60,-1,-1;BLK70 'BLK70' true true false 8 Double 0 0 ,First,#,C:\Documents and Settings\mgimond\My Documents\geoda\GeoDa.gdb\Projected\NAT_proj,BLK70,-1,-1;BLK80 'BLK80' true true false 8 Double 0 0 ,First,#,C:\Documents and Settings\mgimond\My Documents\geoda\GeoDa.gdb\Projected\NAT_proj,BLK80,-1,-1;BLK90 'BLK90' true true false 8 Double 0 0 ,First,#,C:\Documents and Settings\mgimond\My Documents\geoda\GeoDa.gdb\Projected\NAT_proj,BLK90,-1,-1;GI59 'GI59' true true false 8 Double 0 0 ,First,#,C:\Documents and Settings\mgimond\My Documents\geoda\GeoDa.gdb\Projected\NAT_proj,GI59,-1,-1;GI69 'GI69' true true false 8 Double 0 0 ,First,#,C:\Documents and Settings\mgimond\My Documents\geoda\GeoDa.gdb\Projected\NAT_proj,GI69,-1,-1;GI79 'GI79' true true false 8 Double 0 0 ,First,#,C:\Documents and Settings\mgimond\My Documents\geoda\GeoDa.gdb\Projected\NAT_proj,GI79,-1,-1;GI89 'GI89' true true false 8 Double 0 0 ,First,#,C:\Documents and Settings\mgimond\My Documents\geoda\GeoDa.gdb\Projected\NAT_proj,GI89,-1,-1;FH60 'FH60' true true false 8 Double 0 0 ,First,#,C:\Documents and Settings\mgimond\My Documents\geoda\GeoDa.gdb\Projected\NAT_proj,FH60,-1,-1;FH70 'FH70' true true false 8 Double 0 0 ,First,#,C:\Documents and Settings\mgimond\My Documents\geoda\GeoDa.gdb\Projected\NAT_proj,FH70,-1,-1;FH80 'FH80' true true false 8 Double 0 0 ,First,#,C:\Documents and Settings\mgimond\My Documents\geoda\GeoDa.gdb\Projected\NAT_proj,FH80,-1,-1;FH90 'FH90' true true false 8 Double 0 0 ,First,#,C:\Documents and Settings\mgimond\My Documents\geoda\GeoDa.gdb\Projected\NAT_proj,FH90,-1,-1;Shape_Leng 'Shape_Length' false true true 8 Double 0 0 ,First,#,C:\Documents and Settings\mgimond\My Documents\geoda\GeoDa.gdb\Projected\NAT_proj,Shape_Length,-1,-1;Shape_Area 'Shape_Area' false true true 8 Double 0 0 ,First,#,C:\Documents and Settings\mgimond\My Documents\geoda\GeoDa.gdb\Projected\NAT_proj,Shape_Area,-1,-1;FID_ 'FID_' true true false 2 Short 0 0 ,First,#,C:\Documents and Settings\mgimond\My Documents\geoda\GeoDa.gdb\Projected\NAT_proj,FID,-1,-1" # P:\spatial_regression\wiki_page\Data\NAT.shp</Process></lineage></DataProperties><SyncDate>20081201</SyncDate><SyncTime>13353000</SyncTime><ModDate>20081201</ModDate><ModTime>13353000</ModTime><ArcGISFormat>1.0</ArcGISFormat><ArcGISstyle>FGDC CSDGM Metadata</ArcGISstyle></Esri><idinfo><native Sync="TRUE">Microsoft Windows XP Version 5.1 (Build 2600) Service Pack 3; ESRI ArcCatalog 9.3.1.1850</native><descript><langdata Sync="TRUE">en</langdata><abstract>Homicides and selected socio-economic characteristics for continental U.S. counties. Data for four decennial census years: 1960, 1970, 1980, 1990.
Type = polygon shape file, unprojected, lat-lon
Observations = 3085
Variables = 69</abstract><purpose>REQUIRED: A summary of the intentions with which the data set was developed.</purpose></descript><citation><citeinfo><origin>REQUIRED: The name of an organization or individual that developed the data set.</origin><pubdate>REQUIRED: The date when the data set is published or otherwise made available for release.</pubdate><title Sync="TRUE">NAT</title><ftname Sync="TRUE">NAT</ftname><geoform Sync="TRUE">vector digital data</geoform><onlink Sync="TRUE">\\filer\personal\admin\mgimond\spatial_regression\wiki_page\Data\NAT.shp</onlink></citeinfo></citation><timeperd><current>REQUIRED: The basis on which the time period of content information is determined.</current><timeinfo><sngdate><caldate>REQUIRED: The year (and optionally month, or month and day) for which the data set corresponds to the ground.</caldate></sngdate></timeinfo></timeperd><status><progress>REQUIRED: The state of the data set.</progress><update>REQUIRED: The frequency with which changes and additions are made to the data set after the initial data set is completed.</update></status><spdom><bounding><westbc Sync="TRUE">-128.218280</westbc><eastbc Sync="TRUE">-65.215083</eastbc><northbc Sync="TRUE">51.434930</northbc><southbc Sync="TRUE">23.362505</southbc></bounding><lboundng><leftbc Sync="TRUE">-2229754.304300</leftbc><rightbc Sync="TRUE">2122356.003700</rightbc><bottombc Sync="TRUE">-1568796.706700</bottombc><topbc Sync="TRUE">1270943.674500</topbc></lboundng></spdom><keywords><theme><themekt>REQUIRED: Reference to a formally registered thesaurus or a similar authoritative source of theme keywords.</themekt><themekey>REQUIRED: Common-use word or phrase used to describe the subject of the data set.</themekey></theme></keywords><accconst>REQUIRED: Restrictions and legal prerequisites for accessing the data set.</accconst><useconst>REQUIRED: Restrictions and legal prerequisites for using the data set after access is granted.</useconst><natvform Sync="TRUE">Shapefile</natvform><datacred>Luc Anselin  (Geoda tutorial sample)
Other Sources:
S. Messner, L. Anselin, D. Hawkins, G. Deane, S. Tolnay, R. Baller (2000). An Atlas of the Spatial Patterning of County-Level Homicide, 1960-1990. Pittsburgh, PA, National Consortium on Violence Research (NCOVR).

Reference: Baller, R., L. Anselin, S. Messner, G. Deane and D. Hawkins (2001). Structural covariates of US county homicide rates: incorporating spatial effects. Criminology 39, 561-590.</datacred></idinfo><dataIdInfo><envirDesc Sync="TRUE">Microsoft Windows XP Version 5.1 (Build 2600) Service Pack 3; ESRI ArcCatalog 9.3.1.1850</envirDesc><dataLang><languageCode Sync="TRUE" value="en"></languageCode></dataLang><idCitation><resTitle Sync="TRUE">NAT</resTitle><presForm><PresFormCd Sync="TRUE" value="005"></PresFormCd></presForm></idCitation><spatRpType><SpatRepTypCd Sync="TRUE" value="001"></SpatRepTypCd></spatRpType><dataExt><geoEle><GeoBndBox esriExtentType="native"><westBL Sync="TRUE">-2229754.3043</westBL><eastBL Sync="TRUE">2122356.0037</eastBL><northBL Sync="TRUE">1270943.6745</northBL><southBL Sync="TRUE">-1568796.7067</southBL><exTypeCode Sync="TRUE">1</exTypeCode></GeoBndBox></geoEle></dataExt><geoBox esriExtentType="decdegrees"><westBL Sync="TRUE">-128.21828</westBL><eastBL Sync="TRUE">-65.215083</eastBL><northBL Sync="TRUE">51.43493</northBL><southBL Sync="TRUE">23.362505</southBL><exTypeCode Sync="TRUE">1</exTypeCode></geoBox></dataIdInfo><metainfo><langmeta Sync="TRUE">en</langmeta><metstdn Sync="TRUE">FGDC Content Standards for Digital Geospatial Metadata</metstdn><metstdv Sync="TRUE">FGDC-STD-001-1998</metstdv><mettc Sync="TRUE">local time</mettc><metc><cntinfo><cntorgp><cntper>REQUIRED: The person responsible for the metadata information.</cntper><cntorg>REQUIRED: The organization responsible for the metadata information.</cntorg></cntorgp><cntaddr><addrtype>REQUIRED: The mailing and/or physical address for the organization or individual.</addrtype><city>REQUIRED: The city of the address.</city><state>REQUIRED: The state or province of the address.</state><postal>REQUIRED: The ZIP or other postal code of the address.</postal></cntaddr><cntvoice>REQUIRED: The telephone number by which individuals can speak to the organization or individual.</cntvoice></cntinfo></metc><metd Sync="TRUE">20081201</metd><metextns><onlink Sync="TRUE">http://www.esri.com/metadata/esriprof80.html</onlink><metprof Sync="TRUE">ESRI Metadata Profile</metprof></metextns></metainfo><mdLang><languageCode Sync="TRUE" value="en"></languageCode></mdLang><mdStanName Sync="TRUE">ISO 19115 Geographic Information - Metadata</mdStanName><mdStanVer Sync="TRUE">DIS_ESRI1.0</mdStanVer><mdChar><CharSetCd Sync="TRUE" value="004"></CharSetCd></mdChar><mdHrLv><ScopeCd Sync="TRUE" value="005"></ScopeCd></mdHrLv><mdHrLvName Sync="TRUE">dataset</mdHrLvName><distinfo><resdesc Sync="TRUE">Downloadable Data</resdesc><stdorder><digform><digtinfo><transize Sync="TRUE">1.394</transize><dssize Sync="TRUE">1.394</dssize></digtinfo></digform></stdorder></distinfo><distInfo><distributor><distorTran><onLineSrc><orDesc Sync="TRUE">002</orDesc><linkage Sync="TRUE">file://\\filer\personal\admin\mgimond\spatial_regression\wiki_page\Data\NAT.shp</linkage><protocol Sync="TRUE">Local Area Network</protocol></onLineSrc><transSize Sync="TRUE">1.394</transSize></distorTran><distorFormat><formatName Sync="TRUE">Shapefile</formatName></distorFormat></distributor></distInfo><spdoinfo><direct Sync="TRUE">Vector</direct><ptvctinf><esriterm Name="NAT"><efeatyp Sync="TRUE">Simple</efeatyp><efeageom Sync="TRUE">Polygon</efeageom><esritopo Sync="TRUE">FALSE</esritopo><efeacnt Sync="TRUE">3085</efeacnt><spindex Sync="TRUE">TRUE</spindex><linrefer Sync="TRUE">FALSE</linrefer></esriterm><sdtsterm Name="NAT"><sdtstype Sync="TRUE">G-polygon</sdtstype><ptvctcnt Sync="TRUE">3085</ptvctcnt></sdtsterm></ptvctinf></spdoinfo><spref><horizsys><cordsysn><geogcsn Sync="TRUE">GCS_North_American_1983</geogcsn><projcsn Sync="TRUE">North_America_Equidistant_Conic</projcsn></cordsysn><geodetic><horizdn Sync="TRUE">North American Datum of 1983</horizdn><ellips Sync="TRUE">Geodetic Reference System 80</ellips><semiaxis Sync="TRUE">6378137.000000</semiaxis><denflat Sync="TRUE">298.257222</denflat></geodetic><planar><planci><plance Sync="TRUE">coordinate pair</plance><plandu Sync="TRUE">meters</plandu><coordrep><absres Sync="TRUE">0.000000</absres><ordres Sync="TRUE">0.000000</ordres></coordrep></planci><mapproj><mapprojn Sync="TRUE">Equidistant Conic</mapprojn><equicon><stdparll Sync="TRUE">20.000000</stdparll><stdparll Sync="TRUE">60.000000</stdparll><longcm Sync="TRUE">-96.000000</longcm><latprjo Sync="TRUE">40.000000</latprjo><feast Sync="TRUE">0.000000</feast><fnorth Sync="TRUE">0.000000</fnorth></equicon></mapproj></planar></horizsys><vertdef><altsys><altenc Sync="TRUE">Explicit elevation coordinate included with horizontal coordinates</altenc><altres Sync="TRUE">0.000100</altres></altsys></vertdef></spref><refSysInfo><RefSystem><refSysID><identCode Sync="TRUE">North_America_Equidistant_Conic</identCode></refSysID></RefSystem></refSysInfo><spatRepInfo><VectSpatRep><topLvl><TopoLevCd Sync="TRUE" value="001"></TopoLevCd></topLvl><geometObjs Name="NAT"><geoObjTyp><GeoObjTypCd Sync="TRUE" value="001"></GeoObjTypCd></geoObjTyp><geoObjCnt Sync="TRUE">3085</geoObjCnt></geometObjs></VectSpatRep></spatRepInfo><eainfo><detailed Name="NAT"><enttyp><enttypl Sync="TRUE">NAT</enttypl><enttypt Sync="TRUE">Feature Class</enttypt><enttypc Sync="TRUE">3085</enttypc></enttyp><attr><attrlabl Sync="TRUE">FID</attrlabl><attalias Sync="TRUE">FID</attalias><attrtype Sync="TRUE">OID</attrtype><attwidth Sync="TRUE">4</attwidth><atprecis Sync="TRUE">0</atprecis><attscale Sync="TRUE">0</attscale><attrdef Sync="TRUE">Internal feature number.</attrdef><attrdefs Sync="TRUE">ESRI</attrdefs><attrdomv><udom Sync="TRUE">Sequential unique whole numbers that are automatically generated.</udom></attrdomv></attr><attr><attrlabl Sync="TRUE">Shape</attrlabl><attalias Sync="TRUE">Shape</attalias><attrtype Sync="TRUE">Geometry</attrtype><attwidth Sync="TRUE">0</attwidth><atprecis Sync="TRUE">0</atprecis><attscale Sync="TRUE">0</attscale><attrdef Sync="TRUE">Feature geometry.</attrdef><attrdefs Sync="TRUE">ESRI</attrdefs><attrdomv><udom Sync="TRUE">Coordinates defining the features.</udom></attrdomv></attr><attr><attrlabl Sync="TRUE">NAME</attrlabl><attalias Sync="TRUE">NAME</attalias><attrtype Sync="TRUE">String</attrtype><attwidth Sync="TRUE">32</attwidth></attr><attr><attrlabl Sync="TRUE">STATE_NAME</attrlabl><attalias Sync="TRUE">STATE_NAME</attalias><attrtype Sync="TRUE">String</attrtype><attwidth Sync="TRUE">25</attwidth></attr><attr><attrlabl Sync="TRUE">STATE_FIPS</attrlabl><attalias Sync="TRUE">STATE_FIPS</attalias><attrtype Sync="TRUE">String</attrtype><attwidth Sync="TRUE">2</attwidth></attr><attr><attrlabl Sync="TRUE">CNTY_FIPS</attrlabl><attalias Sync="TRUE">CNTY_FIPS</attalias><attrtype Sync="TRUE">String</attrtype><attwidth Sync="TRUE">3</attwidth></attr><attr><attrlabl Sync="TRUE">FIPS</attrlabl><attalias Sync="TRUE">FIPS</attalias><attrtype Sync="TRUE">String</attrtype><attwidth Sync="TRUE">5</attwidth></attr><attr><attrlabl Sync="TRUE">STFIPS</attrlabl><attalias Sync="TRUE">STFIPS</attalias><attrtype Sync="TRUE">Float</attrtype><attwidth Sync="TRUE">19</attwidth><atnumdec Sync="TRUE">11</atnumdec></attr><attr><attrlabl Sync="TRUE">COFIPS</attrlabl><attalias Sync="TRUE">COFIPS</attalias><attrtype Sync="TRUE">Float</attrtype><attwidth Sync="TRUE">19</attwidth><atnumdec Sync="TRUE">11</atnumdec></attr><attr><attrlabl Sync="TRUE">FIPSNO</attrlabl><attalias Sync="TRUE">FIPSNO</attalias><attrtype Sync="TRUE">Float</attrtype><attwidth Sync="TRUE">19</attwidth><atnumdec Sync="TRUE">11</atnumdec></attr><attr><attrlabl Sync="TRUE">SOUTH</attrlabl><attalias Sync="TRUE">SOUTH</attalias><attrtype Sync="TRUE">Number</attrtype><attwidth Sync="TRUE">4</attwidth><attrdef>dummy variable for Southern counties (South = 1)</attrdef></attr><attr><attrlabl Sync="TRUE">HR60</attrlabl><attalias Sync="TRUE">HR60</attalias><attrtype Sync="TRUE">Float</attrtype><attwidth Sync="TRUE">19</attwidth><attrdef>homicide rate per 100,000 (1960)</attrdef><atnumdec Sync="TRUE">11</atnumdec></attr><attr><attrlabl Sync="TRUE">HR70</attrlabl><attalias Sync="TRUE">HR70</attalias><attrtype Sync="TRUE">Float</attrtype><attwidth Sync="TRUE">19</attwidth><attrdef>homicide rate per 100,000 (1970)</attrdef><atnumdec Sync="TRUE">11</atnumdec></attr><attr><attrlabl Sync="TRUE">HR80</attrlabl><attalias Sync="TRUE">HR80</attalias><attrtype Sync="TRUE">Float</attrtype><attwidth Sync="TRUE">19</attwidth><attrdef>homicide rate per 100,000 (1980)</attrdef><atnumdec Sync="TRUE">11</atnumdec></attr><attr><attrlabl Sync="TRUE">HR90</attrlabl><attalias Sync="TRUE">HR90</attalias><attrtype Sync="TRUE">Float</attrtype><attwidth Sync="TRUE">19</attwidth><attrdef>homicide rate per 100,000 (1990)</attrdef><atnumdec Sync="TRUE">11</atnumdec></attr><attr><attrlabl Sync="TRUE">HC60</attrlabl><attalias Sync="TRUE">HC60</attalias><attrtype Sync="TRUE">Float</attrtype><attwidth Sync="TRUE">19</attwidth><attrdef>homicide count, three year average centered on 1960</attrdef><atnumdec Sync="TRUE">11</atnumdec></attr><attr><attrlabl Sync="TRUE">HC70</attrlabl><attalias Sync="TRUE">HC70</attalias><attrtype Sync="TRUE">Float</attrtype><attwidth Sync="TRUE">19</attwidth><attrdef>homicide count, three year average centered on 1970</attrdef><atnumdec Sync="TRUE">11</atnumdec></attr><attr><attrlabl Sync="TRUE">HC80</attrlabl><attalias Sync="TRUE">HC80</attalias><attrtype Sync="TRUE">Float</attrtype><attwidth Sync="TRUE">19</attwidth><attrdef>homicide count, three year average centered on 1980</attrdef><atnumdec Sync="TRUE">11</atnumdec></attr><attr><attrlabl Sync="TRUE">HC90</attrlabl><attalias Sync="TRUE">HC90</attalias><attrtype Sync="TRUE">Float</attrtype><attwidth Sync="TRUE">19</attwidth><attrdef>homicide count, three year average centered on 1990</attrdef><atnumdec Sync="TRUE">11</atnumdec></attr><attr><attrlabl Sync="TRUE">PO60</attrlabl><attalias Sync="TRUE">PO60</attalias><attrtype Sync="TRUE">Number</attrtype><attwidth Sync="TRUE">9</attwidth><attrdef>county population, 1960</attrdef></attr><attr><attrlabl Sync="TRUE">PO70</attrlabl><attalias Sync="TRUE">PO70</attalias><attrtype Sync="TRUE">Number</attrtype><attwidth Sync="TRUE">9</attwidth><attrdef>county population, 1970</attrdef></attr><attr><attrlabl Sync="TRUE">PO80</attrlabl><attalias Sync="TRUE">PO80</attalias><attrtype Sync="TRUE">Number</attrtype><attwidth Sync="TRUE">9</attwidth><attrdef>county population, 1980</attrdef></attr><attr><attrlabl Sync="TRUE">PO90</attrlabl><attalias Sync="TRUE">PO90</attalias><attrtype Sync="TRUE">Number</attrtype><attwidth Sync="TRUE">9</attwidth><attrdef>county population, 1990</attrdef></attr><attr><attrlabl Sync="TRUE">RD60</attrlabl><attalias Sync="TRUE">RD60</attalias><attrtype Sync="TRUE">Float</attrtype><attwidth Sync="TRUE">19</attwidth><attrdef>resource deprivation 1960</attrdef><atnumdec Sync="TRUE">11</atnumdec></attr><attr><attrlabl Sync="TRUE">RD70</attrlabl><attalias Sync="TRUE">RD70</attalias><attrtype Sync="TRUE">Float</attrtype><attwidth Sync="TRUE">19</attwidth><attrdef>resource deprivation 1970</attrdef><atnumdec Sync="TRUE">11</atnumdec></attr><attr><attrlabl Sync="TRUE">RD80</attrlabl><attalias Sync="TRUE">RD80</attalias><attrtype Sync="TRUE">Float</attrtype><attwidth Sync="TRUE">19</attwidth><attrdef>resource deprivation 1980</attrdef><atnumdec Sync="TRUE">11</atnumdec></attr><attr><attrlabl Sync="TRUE">RD90</attrlabl><attalias Sync="TRUE">RD90</attalias><attrtype Sync="TRUE">Float</attrtype><attwidth Sync="TRUE">19</attwidth><attrdef>resource deprivation 1990</attrdef><atnumdec Sync="TRUE">11</atnumdec></attr><attr><attrlabl Sync="TRUE">PS60</attrlabl><attalias Sync="TRUE">PS60</attalias><attrtype Sync="TRUE">Float</attrtype><attwidth Sync="TRUE">19</attwidth><attrdef>population structure 1960</attrdef><atnumdec Sync="TRUE">11</atnumdec></attr><attr><attrlabl Sync="TRUE">PS70</attrlabl><attalias Sync="TRUE">PS70</attalias><attrtype Sync="TRUE">Float</attrtype><attwidth Sync="TRUE">19</attwidth><attrdef>population structure 1970</attrdef><atnumdec Sync="TRUE">11</atnumdec></attr><attr><attrlabl Sync="TRUE">PS80</attrlabl><attalias Sync="TRUE">PS80</attalias><attrtype Sync="TRUE">Float</attrtype><attwidth Sync="TRUE">19</attwidth><attrdef>population structure 1980</attrdef><atnumdec Sync="TRUE">11</atnumdec></attr><attr><attrlabl Sync="TRUE">PS90</attrlabl><attalias Sync="TRUE">PS90</attalias><attrtype Sync="TRUE">Float</attrtype><attwidth Sync="TRUE">19</attwidth><attrdef>population structure 1990</attrdef><atnumdec Sync="TRUE">11</atnumdec></attr><attr><attrlabl Sync="TRUE">UE60</attrlabl><attalias Sync="TRUE">UE60</attalias><attrtype Sync="TRUE">Float</attrtype><attwidth Sync="TRUE">19</attwidth><attrdef>unemployment rate 1960</attrdef><atnumdec Sync="TRUE">11</atnumdec></attr><attr><attrlabl Sync="TRUE">UE70</attrlabl><attalias Sync="TRUE">UE70</attalias><attrtype Sync="TRUE">Float</attrtype><attwidth Sync="TRUE">19</attwidth><attrdef>unemployment rate 1970</attrdef><atnumdec Sync="TRUE">11</atnumdec></attr><attr><attrlabl Sync="TRUE">UE80</attrlabl><attalias Sync="TRUE">UE80</attalias><attrtype Sync="TRUE">Float</attrtype><attwidth Sync="TRUE">19</attwidth><attrdef>unemployment rate 1980</attrdef><atnumdec Sync="TRUE">11</atnumdec></attr><attr><attrlabl Sync="TRUE">UE90</attrlabl><attalias Sync="TRUE">UE90</attalias><attrtype Sync="TRUE">Float</attrtype><attwidth Sync="TRUE">19</attwidth><attrdef>unemployment rate 1990</attrdef><atnumdec Sync="TRUE">11</atnumdec></attr><attr><attrlabl Sync="TRUE">DV60</attrlabl><attalias Sync="TRUE">DV60</attalias><attrtype Sync="TRUE">Float</attrtype><attwidth Sync="TRUE">19</attwidth><attrdef>divorce rate 1960</attrdef><atnumdec Sync="TRUE">11</atnumdec></attr><attr><attrlabl Sync="TRUE">DV70</attrlabl><attalias Sync="TRUE">DV70</attalias><attrtype Sync="TRUE">Float</attrtype><attwidth Sync="TRUE">19</attwidth><attrdef>divorce rate 1970</attrdef><atnumdec Sync="TRUE">11</atnumdec></attr><attr><attrlabl Sync="TRUE">DV80</attrlabl><attalias Sync="TRUE">DV80</attalias><attrtype Sync="TRUE">Float</attrtype><attwidth Sync="TRUE">19</attwidth><attrdef>divorce rate 1980</attrdef><atnumdec Sync="TRUE">11</atnumdec></attr><attr><attrlabl Sync="TRUE">DV90</attrlabl><attalias Sync="TRUE">DV90</attalias><attrtype Sync="TRUE">Float</attrtype><attwidth Sync="TRUE">19</attwidth><attrdef>divorce rate 1990</attrdef><atnumdec Sync="TRUE">11</atnumdec></attr><attr><attrlabl Sync="TRUE">MA60</attrlabl><attalias Sync="TRUE">MA60</attalias><attrtype Sync="TRUE">Float</attrtype><attwidth Sync="TRUE">13</attwidth><attrdef>median age 1960</attrdef><atnumdec Sync="TRUE">11</atnumdec></attr><attr><attrlabl Sync="TRUE">MA70</attrlabl><attalias Sync="TRUE">MA70</attalias><attrtype Sync="TRUE">Float</attrtype><attwidth Sync="TRUE">19</attwidth><attrdef>median age 1970</attrdef><atnumdec Sync="TRUE">11</atnumdec></attr><attr><attrlabl Sync="TRUE">MA80</attrlabl><attalias Sync="TRUE">MA80</attalias><attrtype Sync="TRUE">Float</attrtype><attwidth Sync="TRUE">19</attwidth><attrdef>median age 1980</attrdef><atnumdec Sync="TRUE">11</atnumdec></attr><attr><attrlabl Sync="TRUE">MA90</attrlabl><attalias Sync="TRUE">MA90</attalias><attrtype Sync="TRUE">Float</attrtype><attwidth Sync="TRUE">19</attwidth><attrdef>median age 1990</attrdef><atnumdec Sync="TRUE">11</atnumdec></attr><attr><attrlabl Sync="TRUE">POL60</attrlabl><attalias Sync="TRUE">POL60</attalias><attrtype Sync="TRUE">Float</attrtype><attwidth Sync="TRUE">19</attwidth><attrdef>log of population 1960</attrdef><atnumdec Sync="TRUE">11</atnumdec></attr><attr><attrlabl Sync="TRUE">POL70</attrlabl><attalias Sync="TRUE">POL70</attalias><attrtype Sync="TRUE">Float</attrtype><attwidth Sync="TRUE">19</attwidth><attrdef>log of population 1970</attrdef><atnumdec Sync="TRUE">11</atnumdec></attr><attr><attrlabl Sync="TRUE">POL80</attrlabl><attalias Sync="TRUE">POL80</attalias><attrtype Sync="TRUE">Float</attrtype><attwidth Sync="TRUE">19</attwidth><attrdef>log of population 1980</attrdef><atnumdec Sync="TRUE">11</atnumdec></attr><attr><attrlabl Sync="TRUE">POL90</attrlabl><attalias Sync="TRUE">POL90</attalias><attrtype Sync="TRUE">Float</attrtype><attwidth Sync="TRUE">19</attwidth><attrdef>log of population 1990</attrdef><atnumdec Sync="TRUE">11</atnumdec></attr><attr><attrlabl Sync="TRUE">DNL60</attrlabl><attalias Sync="TRUE">DNL60</attalias><attrtype Sync="TRUE">Float</attrtype><attwidth Sync="TRUE">19</attwidth><attrdef>log of population density 1960</attrdef><atnumdec Sync="TRUE">11</atnumdec></attr><attr><attrlabl Sync="TRUE">DNL70</attrlabl><attalias Sync="TRUE">DNL70</attalias><attrtype Sync="TRUE">Float</attrtype><attwidth Sync="TRUE">19</attwidth><attrdef>log of population density 1970</attrdef><atnumdec Sync="TRUE">11</atnumdec></attr><attr><attrlabl Sync="TRUE">DNL80</attrlabl><attalias Sync="TRUE">DNL80</attalias><attrtype Sync="TRUE">Float</attrtype><attwidth Sync="TRUE">19</attwidth><attrdef>log of population density 1980</attrdef><atnumdec Sync="TRUE">11</atnumdec></attr><attr><attrlabl Sync="TRUE">DNL90</attrlabl><attalias Sync="TRUE">DNL90</attalias><attrtype Sync="TRUE">Float</attrtype><attwidth Sync="TRUE">19</attwidth><attrdef>log of population density 1990</attrdef><atnumdec Sync="TRUE">11</atnumdec></attr><attr><attrlabl Sync="TRUE">MFIL59</attrlabl><attalias Sync="TRUE">MFIL59</attalias><attrtype Sync="TRUE">Float</attrtype><attwidth Sync="TRUE">19</attwidth><attrdef>log of median family income 1960</attrdef><atnumdec Sync="TRUE">11</atnumdec></attr><attr><attrlabl Sync="TRUE">MFIL69</attrlabl><attalias Sync="TRUE">MFIL69</attalias><attrtype Sync="TRUE">Float</attrtype><attwidth Sync="TRUE">19</attwidth><attrdef>log of median family income 1970</attrdef><atnumdec Sync="TRUE">11</atnumdec></attr><attr><attrlabl Sync="TRUE">MFIL79</attrlabl><attalias Sync="TRUE">MFIL79</attalias><attrtype Sync="TRUE">Float</attrtype><attwidth Sync="TRUE">19</attwidth><attrdef>log of median family income 1980</attrdef><atnumdec Sync="TRUE">11</atnumdec></attr><attr><attrlabl Sync="TRUE">MFIL89</attrlabl><attalias Sync="TRUE">MFIL89</attalias><attrtype Sync="TRUE">Float</attrtype><attwidth Sync="TRUE">19</attwidth><attrdef>log of median family income 1990</attrdef><atnumdec Sync="TRUE">11</atnumdec></attr><attr><attrlabl Sync="TRUE">FP59</attrlabl><attalias Sync="TRUE">FP59</attalias><attrtype Sync="TRUE">Float</attrtype><attwidth Sync="TRUE">19</attwidth><attrdef>% families below poverty 1960</attrdef><atnumdec Sync="TRUE">11</atnumdec></attr><attr><attrlabl Sync="TRUE">FP69</attrlabl><attalias Sync="TRUE">FP69</attalias><attrtype Sync="TRUE">Float</attrtype><attwidth Sync="TRUE">19</attwidth><attrdef>% families below poverty 1970</attrdef><atnumdec Sync="TRUE">11</atnumdec></attr><attr><attrlabl Sync="TRUE">FP79</attrlabl><attalias Sync="TRUE">FP79</attalias><attrtype Sync="TRUE">Float</attrtype><attwidth Sync="TRUE">19</attwidth><attrdef>% families below poverty 1980</attrdef><atnumdec Sync="TRUE">11</atnumdec></attr><attr><attrlabl Sync="TRUE">FP89</attrlabl><attalias Sync="TRUE">FP89</attalias><attrtype Sync="TRUE">Float</attrtype><attwidth Sync="TRUE">19</attwidth><attrdef>% families below poverty 1990</attrdef><atnumdec Sync="TRUE">11</atnumdec></attr><attr><attrlabl Sync="TRUE">BLK60</attrlabl><attalias Sync="TRUE">BLK60</attalias><attrtype Sync="TRUE">Float</attrtype><attwidth Sync="TRUE">19</attwidth><attrdef>% black 1960</attrdef><atnumdec Sync="TRUE">11</atnumdec></attr><attr><attrlabl Sync="TRUE">BLK70</attrlabl><attalias Sync="TRUE">BLK70</attalias><attrtype Sync="TRUE">Float</attrtype><attwidth Sync="TRUE">19</attwidth><attrdef>% black 1970</attrdef><atnumdec Sync="TRUE">11</atnumdec></attr><attr><attrlabl Sync="TRUE">BLK80</attrlabl><attalias Sync="TRUE">BLK80</attalias><attrtype Sync="TRUE">Float</attrtype><attwidth Sync="TRUE">19</attwidth><attrdef>% black 1980</attrdef><atnumdec Sync="TRUE">11</atnumdec></attr><attr><attrlabl Sync="TRUE">BLK90</attrlabl><attalias Sync="TRUE">BLK90</attalias><attrtype Sync="TRUE">Float</attrtype><attwidth Sync="TRUE">19</attwidth><attrdef>% black 1990</attrdef><atnumdec Sync="TRUE">11</atnumdec></attr><attr><attrlabl Sync="TRUE">GI59</attrlabl><attalias Sync="TRUE">GI59</attalias><attrtype Sync="TRUE">Float</attrtype><attwidth Sync="TRUE">19</attwidth><attrdef>Gini index of family income inequality 1960</attrdef><atnumdec Sync="TRUE">11</atnumdec></attr><attr><attrlabl Sync="TRUE">GI69</attrlabl><attalias Sync="TRUE">GI69</attalias><attrtype Sync="TRUE">Float</attrtype><attwidth Sync="TRUE">19</attwidth><attrdef>Gini index of family income inequality 1970</attrdef><atnumdec Sync="TRUE">11</atnumdec></attr><attr><attrlabl Sync="TRUE">GI79</attrlabl><attalias Sync="TRUE">GI79</attalias><attrtype Sync="TRUE">Float</attrtype><attwidth Sync="TRUE">19</attwidth><attrdef>Gini index of family income inequality 1980</attrdef><atnumdec Sync="TRUE">11</atnumdec></attr><attr><attrlabl Sync="TRUE">GI89</attrlabl><attalias Sync="TRUE">GI89</attalias><attrtype Sync="TRUE">Float</attrtype><attwidth Sync="TRUE">19</attwidth><attrdef>Gini index of family income inequality 1990</attrdef><atnumdec Sync="TRUE">11</atnumdec></attr><attr><attrlabl Sync="TRUE">FH60</attrlabl><attalias Sync="TRUE">FH60</attalias><attrtype Sync="TRUE">Float</attrtype><attwidth Sync="TRUE">19</attwidth><attrdef>% female headed households 1960</attrdef><atnumdec Sync="TRUE">11</atnumdec></attr><attr><attrlabl Sync="TRUE">FH70</attrlabl><attalias Sync="TRUE">FH70</attalias><attrtype Sync="TRUE">Float</attrtype><attwidth Sync="TRUE">19</attwidth><attrdef>% female headed households 1970</attrdef><atnumdec Sync="TRUE">11</atnumdec></attr><attr><attrlabl Sync="TRUE">FH80</attrlabl><attalias Sync="TRUE">FH80</attalias><attrtype Sync="TRUE">Float</attrtype><attwidth Sync="TRUE">19</attwidth><attrdef>% female headed households 1980</attrdef><atnumdec Sync="TRUE">11</atnumdec></attr><attr><attrlabl Sync="TRUE">Shape_Area</attrlabl><attalias Sync="TRUE">Shape_Area</attalias><attrtype Sync="TRUE">Float</attrtype><attwidth Sync="TRUE">19</attwidth><attrdef Sync="TRUE">Area of feature in internal units squared.</attrdef><attrdefs Sync="TRUE">ESRI</attrdefs><attrdomv><udom Sync="TRUE">Positive real numbers that are automatically generated.</udom></attrdomv><atnumdec Sync="TRUE">11</atnumdec></attr><attr><attrlabl Sync="TRUE">Shape_Leng</attrlabl><attalias Sync="TRUE">Shape_Leng</attalias><attrtype Sync="TRUE">Float</attrtype><attwidth Sync="TRUE">19</attwidth><atnumdec Sync="TRUE">11</atnumdec></attr><attr><attrlabl Sync="TRUE">FH90</attrlabl><attalias Sync="TRUE">FH90</attalias><attrtype Sync="TRUE">Float</attrtype><attwidth Sync="TRUE">19</attwidth><attrdef>% female headed households 1990</attrdef><atnumdec Sync="TRUE">11</atnumdec></attr><attr><attrlabl Sync="TRUE">FID_</attrlabl><attalias Sync="TRUE">FID_</attalias><attrtype Sync="TRUE">Number</attrtype><attwidth Sync="TRUE">4</attwidth></attr></detailed></eainfo><mdDateSt Sync="TRUE">20081201</mdDateSt><dataqual><lineage><procstep><procdesc Sync="TRUE">Metadata imported.</procdesc><srcused Sync="TRUE">P:\spatial_regression\wiki_page\Data\NAT_NEast.shp.xml</srcused><procdate Sync="TRUE">20081201</procdate><proctime Sync="TRUE">13332900</proctime></procstep></lineage></dataqual></metadata>
