<?xml version="1.0" encoding="UTF-8"?>
<metadata xml:lang="en"><Esri><CreaDate>20211108</CreaDate><CreaTime>09132300</CreaTime><ArcGISFormat>1.0</ArcGISFormat><SyncOnce>TRUE</SyncOnce><DataProperties><lineage><Process ToolSource="c:\program files\arcgis\pro\Resources\ArcToolbox\toolboxes\Spatial Analyst Tools.tbx\RasterCalculator" Date="20211108" Time="091323">RasterCalculator Ln( "pop_sqmile.tif") G:\FA2021\Day17\in-class\ln_pop.tif</Process><Process ToolSource="c:\program files\arcgis\pro\Resources\ArcToolbox\toolboxes\Data Management Tools.tbx\Rename" Date="20211108" Time="091616">Rename G:\FA2021\Day17\in-class\ln_pop.tif G:\FA2021\Day17\in-class\log_pop_sqmile.tif RasterDataset</Process></lineage></DataProperties></Esri></metadata>
