<?xml version="1.0" encoding="UTF-8"?>
<metadata xml:lang="en"><Esri><CreaDate>20211108</CreaDate><CreaTime>09211100</CreaTime><ArcGISFormat>1.0</ArcGISFormat><SyncOnce>TRUE</SyncOnce><DataProperties><lineage><Process ToolSource="c:\program files\arcgis\pro\Resources\ArcToolbox\toolboxes\Image Analyst Tools.tbx\RasterCalculator" Date="20211108" Time="092111">RasterCalculator Float( "median_income.tif") G:\FA2021\Day17\in-class\median_income2.tif</Process><Process ToolSource="c:\program files\arcgis\pro\Resources\ArcToolbox\toolboxes\Data Management Tools.tbx\Rename" Date="20211108" Time="092335">Rename G:\FA2021\Day17\in-class\median_income2.tif G:\FA2021\Day17\in-class\median_income.tif RasterDataset</Process></lineage></DataProperties></Esri></metadata>
