<PAMDataset>
  <Metadata>
    <MDI key="DataType">Generic</MDI>
  </Metadata>
  <PAMRasterBand band="1">
    <Description>Band_1</Description>
    <Histograms>
      <HistItem>
        <HistMin>566</HistMin>
        <HistMax>178747</HistMax>
        <BucketCount>256</BucketCount>
        <IncludeOutOfRange>1</IncludeOutOfRange>
        <Approximate>0</Approximate>
        <HistCounts>3|0|30|7|13|14|1|3|6|27|50|15|12|20|24|49|94|41|118|228|151|188|460|117|230|191|140|195|259|429|340|478|858|1223|870|1662|1504|1861|2164|3317|2617|2513|2788|3395|3663|5830|2840|3454|2464|3001|2312|1468|1541|1036|1646|1546|962|1976|829|1277|825|982|1005|978|836|757|825|681|720|364|495|520|409|689|307|292|352|654|307|192|178|184|534|247|309|156|93|121|155|60|146|133|291|70|22|154|238|40|29|19|111|145|87|177|0|46|95|32|14|59|33|40|25|64|19|7|22|43|47|8|41|46|1|57|19|4|0|18|23|82|0|3|0|0|7|54|36|56|61|0|0|0|0|2|1|3|9|0|0|0|1|4|0|0|0|13|0|0|2|3|4|11|9|3|0|0|2|2|3|0|0|0|2|0|0|0|0|0|3|0|6|0|0|5|0|1|0|0|2|1|0|0|0|2|0|0|0|13|0|0|10|0|0|0|0|0|0|0|0|0|0|0|0|0|0|0|0|0|0|0|0|0|0|3|0|0|0|0|0|0|14|0|64|0|0|0|8|0|0|0|0|0|0|0|0|0|0|0|0|0|0|0|0|0|0|1</HistCounts>
      </HistItem>
    </Histograms>
    <Metadata>
      <MDI key="BandName">Band_1</MDI>
      <MDI key="RepresentationType">ATHEMATIC</MDI>
      <MDI key="STATISTICS_EXCLUDEDVALUES"></MDI>
      <MDI key="STATISTICS_MAXIMUM">178747</MDI>
      <MDI key="STATISTICS_MEAN">36257.895040877</MDI>
      <MDI key="STATISTICS_MEDIAN">nan</MDI>
      <MDI key="STATISTICS_MINIMUM">566</MDI>
      <MDI key="STATISTICS_SKIPFACTORX">1</MDI>
      <MDI key="STATISTICS_SKIPFACTORY">1</MDI>
      <MDI key="STATISTICS_STDDEV">12584.199007201</MDI>
    </Metadata>
  </PAMRasterBand>
</PAMDataset>
